[
    {
        "name": "twbs/bootstrap",
        "version": "v3.3.7",
        "version_normalized": "3.3.7.0",
        "source": {
            "type": "git",
            "url": "https://github.com/twbs/bootstrap.git",
            "reference": "0b9c4a4007c44201dce9a6cc1a38407005c26c86"
        },
        "dist": {
            "type": "zip",
            "url": "https://api.github.com/repos/twbs/bootstrap/zipball/0b9c4a4007c44201dce9a6cc1a38407005c26c86",
            "reference": "0b9c4a4007c44201dce9a6cc1a38407005c26c86",
            "shasum": ""
        },
        "replace": {
            "twitter/bootstrap": "self.version"
        },
        "time": "2016-07-25T15:51:55+00:00",
        "type": "library",
        "extra": {
            "branch-alias": {
                "dev-master": "3.3.x-dev"
            }
        },
        "installation-source": "dist",
        "notification-url": "https://packagist.org/downloads/",
        "license": [
            "MIT"
        ],
        "authors": [
            {
                "name": "Jacob Thornton",
                "email": "jacobthornton@gmail.com"
            },
            {
                "name": "Mark Otto",
                "email": "markdotto@gmail.com"
            }
        ],
        "description": "The most popular front-end framework for developing responsive, mobile first projects on the web.",
        "homepage": "http://getbootstrap.com",
        "keywords": [
            "JS",
            "css",
            "framework",
            "front-end",
            "less",
            "mobile-first",
            "responsive",
            "web"
        ]
    },
    {
        "name": "mikey179/vfsStream",
        "version": "v1.1.0",
        "version_normalized": "1.1.0.0",
        "source": {
            "type": "git",
            "url": "https://github.com/mikey179/vfsStream.git",
            "reference": "fc0fe8f4d0b527254a2dc45f0c265567c881d07e"
        },
        "dist": {
            "type": "zip",
            "url": "https://api.github.com/repos/mikey179/vfsStream/zipball/fc0fe8f4d0b527254a2dc45f0c265567c881d07e",
            "reference": "fc0fe8f4d0b527254a2dc45f0c265567c881d07e",
            "shasum": ""
        },
        "require": {
            "php": ">=5.3.0"
        },
        "time": "2012-08-25T12:49:29+00:00",
        "type": "library",
        "installation-source": "dist",
        "autoload": {
            "psr-0": {
                "org\\bovigo\\vfs": "src/main/php"
            }
        },
        "notification-url": "https://packagist.org/downloads/",
        "license": [
            "BSD"
        ],
        "homepage": "http://vfs.bovigo.org/"
    },
    {
        "name": "components/jquery",
        "version": "3.1.1",
        "version_normalized": "3.1.1.0",
        "source": {
            "type": "git",
            "url": "https://github.com/components/jquery.git",
            "reference": "09a1658378bc1f818856086396ebeab7d0ec2276"
        },
        "dist": {
            "type": "zip",
            "url": "https://api.github.com/repos/components/jquery/zipball/09a1658378bc1f818856086396ebeab7d0ec2276",
            "reference": "09a1658378bc1f818856086396ebeab7d0ec2276",
            "shasum": ""
        },
        "time": "2016-09-23T06:06:29+00:00",
        "type": "component",
        "extra": {
            "component": {
                "scripts": [
                    "jquery.js"
                ],
                "files": [
                    "jquery.min.js",
                    "jquery.min.map"
                ]
            }
        },
        "installation-source": "dist",
        "notification-url": "https://packagist.org/downloads/",
        "license": [
            "MIT"
        ],
        "authors": [
            {
                "name": "John Resig",
                "email": "jeresig@gmail.com"
            }
        ],
        "description": "jQuery JavaScript Library",
        "homepage": "http://jquery.com"
    }
]
